Positive,,Negative,
term,count,term,count
work,297,racism,127
great,181,crisis,55
good,150,issue,48
support,147,racist,46
thank,145,hard,44
love,136,miss,40
right,117,breaking,39
important,100,issues,36
better,93,problem,36
free,93,death,35
amazing,91,bad,33
safe,90,lack,33
excited,88,lost,30
happy,86,die,27
equitable,70,missed,27
best,62,critical,25
trump,61,harm,24
enough,60,vice,24
well,58,debt,23
honor,53,challenging,21
proud,53,died,21
grateful,46,failed,21
honored,43,insurrection,21
ready,43,loss,21
supremacy,43,disabled,20
joy,40,inequities,20
available,39,poverty,20
congratulations,39,killed,19
relief,38,trauma,19
clear,36,criminal,18
lead,35,disaster,18
supporting,34,emergency,17
trust,33,inequality,17
powerful,32,slow,17
leading,30,problems,16
celebrate,29,risk,16
incredible,29,vulnerable,16
led,29,attack,15
won,28,damage,15
affordable,27,dangerous,15
win,27,threat,15
improve,24,break,14
protect,24,cold,14
recovery,24,difficult,14
strong,24,discrimination,14
favorite,23,injustice,14
reform,23,protest,14
thrilled,22,crash,13
worth,22,tired,13
advocate,21,violent,13
innovation,21,fall,12
peace,21,FALSE,12
super,21,fear,12
works,21,hate,12
commitment,20,ignore,12
excellent,20,sad,12
fun,20,stress,12
safely,20,struggle,12
top,20,struggling,12
easy,19,wrong,12
encourage,19,concerned,11
exciting,19,damn,11
smart,19,failure,11
helped,18,freeze,11
helping,18,freezing,11
inspiring,18,poor,11
secure,18,prison,11
sustainable,18,rail,11
advocates,17,suffering,11
appreciate,17,urgent,11
brilliant,17,worse,11
glad,17,afraid,10
nice,17,blame,10
progress,17,destroy,10
beautiful,16,hell,10
comprehensive,16,limited,10
fast,16,queer,10
freedom,16,rage,10
loved,16,stolen,10
recommendations,16,worst,10
salute,16,angry,9
tough,16,boil,9
winning,16,broken,9
award,15,complex,9
greatest,15,fucking,9
welcome,15,hang,9
worked,15,losing,9
awesome,14,radical,9
benefits,14,terrible,9
clean,14,awful,8
improving,14,brutality,8
phenomenal,14,concerns,8
significant,14,desert,8
solidarity,14,failing,8
accessible,13,heartbreaking,8
clearly,13,killing,8
innovative,13,lies,8
privilege,13,unjust,8
wonderful,13,bias,7
benefit,12,breakdown,7
convenient,12,burden,7
gratitude,12,burn,7
healthy,12,collapse,7
positive,12,concern,7
wow,12,confront,7
fair,11,crazy,7
friendly,11,dead,7
interesting,11,delay,7
lucky,11,denied,7
success,11,grief,7
beloved,10,horrible,7
dedicated,10,limit,7
dignity,10,lose,7
effective,10,shocking,7
engaging,10,toxic,7
kudos,10,crime,6
peaceful,10,dope,6
pretty,10,dying,6
respect,10,harassment,6
stability,10,illness,6
willing,10,insane,6
boost,9,kill,6
enjoy,9,lie,6
faith,9,mad,6
profound,9,mess,6
rich,9,neglect,6
supported,9,oppression,6
thankful,9,protests,6
thrive,9,squeaks,6
wealthy,9,stole,6
wonder,9,tanks,6
celebrated,8,threatening,6
celebration,8,toll,6
easier,8,wild,6
elevate,8,worried,6
greatness,8,worry,6
honest,8,abuse,5
joyful,8,anger,5
outstanding,8,assault,5
recommend,8,brutal,5
silent,8,burning,5
stunning,8,cancer,5
visionary,8,catastrophic,5
warm,8,congestion,5
admire,7,costly,5
affluent,7,crowded,5
afford,7,dark,5
cleared,7,devastating,5
cool,7,dies,5
encouraging,7,dire,5
fantastic,7,disgusting,5
gained,7,disingenuous,5
prize,7,erase,5
reliable,7,expensive,5
remarkable,7,fraught,5
resilient,7,fuck,5
striking,7,harms,5
successfully,7,inequalities,5
terrific,7,inequitable,5
useful,7,infuriating,5
approval,6,jeopardy,5
comfort,6,limits,5
correct,6,misfortune,5
courage,6,mistake,5
creative,6,oversight,5
encouragement,6,pain,5
fortunate,6,refused,5
gain,6,resigned,5
guarantee,6,resistance,5
guidance,6,ripped,5
honorable,6,severe,5
hot,6,shame,5
incredibly,6,slave,5
inspiration,6,sorry,5
loving,6,stealing,5
master,6,suffered,5
modern,6,terrorism,5
perfect,6,threats,5
promise,6,trash,5
stronger,6,trouble,5
sustainability,6,unprepared,5
thoughtful,6,worries,5
timely,6,absentee,4
wellbeing,6,absurdly,4
wins,6,adverse,4
ambitious,5,alarming,4
brave,5,antiquated,4
bravo,5,attacks,4
consistently,5,backward,4
contribution,5,boycott,4
decent,5,broke,4
delight,5,chaos,4
delighted,5,clog,4
efficient,5,condemn,4
elite,5,crashes,4
enjoyed,5,critics,4
exceptional,5,deadly,4
genuine,5,decline,4
gorgeous,5,delayed,4
helpful,5,denial,4
hopeful,5,despair,4
insightful,5,desperate,4
interests,5,discomfort,4
liked,5,divisive,4
lovely,5,dripping,4
passion,5,egregious,4
passionate,5,fail,4
progressive,5,fears,4
prominent,5,hurts,4
proper,5,impeach,4
quiet,5,impossible,4
reforms,5,injustices,4
shine,5,joke,4
supportive,5,lazy,4
talent,5,murder,4
trusted,5,neglected,4
variety,5,overthrow,4
victory,5,partisan,4
wisdom,5,provocative,4
abundance,4,refuse,4
accurate,4,refuses,4
advantage,4,reject,4
appropriate,4,scam,4
authentic,4,steals,4
autonomous,4,stereotype,4
beauty,4,struck,4
bountiful,4,struggles,4
bright,4,suicide,4
brilliance,4,syndrome,4
classic,4,unrelenting,4
cleaner,4,unrest,4
comfortable,4,upset,4
complimentary,4,violation,4
continuity,4,warning,4
cooperative,4,weakening,4
effectively,4,weird,4
enjoying,4,abolish,3
fame,4,anxiety,3
fans,4,appalling,3
fastest,4,banish,3
fearless,4,bothered,3
feat,4,breaks,3
fine,4,catastrophe,3
gold,4,cheap,3
grace,4,complicit,3
handy,4,conflict,3
happier,4,confused,3
heal,4,conservative,3
hottest,4,conspiracy,3
ideal,4,cracked,3
immense,4,crushed,3
impressed,4,cry,3
improved,4,delays,3
integrated,4,deny,3
leads,4,desperately,3
luck,4,disadvantaged,3
magic,4,disappointing,3
masterpiece,4,disappointment,3
peacefully,4,discriminatory,3
perfectly,4,displaced,3
pleasure,4,disrespect,3
promising,4,dissonance,3
qualify,4,drag,3
recover,4,epidemic,3
refreshing,4,excuse,3
restored,4,exhaustion,3
revitalize,4,extremist,3
sexy,4,failures,3
solid,4,fake,3
stable,4,fat,3
succeed,4,fiction,3
successful,4,fierce,3
supports,4,fleeing,3
supreme,4,funny,3
sweet,4,gross,3
transparent,4,harmed,3
unity,4,hedge,3
winners,4,illegal,3
worthy,4,inadequate,3
yay,4,indifference,3
accomplishments,3,infected,3
achievements,3,inhumane,3
advanced,3,invisible,3
appreciated,3,jerk,3
awarded,3,lacking,3
beautifully,3,leaking,3
bravery,3,limitations,3
champion,3,loopholes,3
charming,3,loud,3
chic,3,lying,3
convenience,3,negative,3
cute,3,noise,3
decency,3,oppose,3
defeated,3,opposition,3
destiny,3,outbreak,3
educated,3,overlook,3
efficiently,3,panic,3
elated,3,passive,3
excitement,3,pervasive,3
extraordinary,3,predatory,3
fairly,3,refusal,3
generous,3,refusing,3
glorious,3,ruins,3
graciously,3,sadly,3
grand,3,scared,3
groundbreaking,3,scream,3
happiness,3,shit,3
hug,3,shrug,3
humor,3,sick,3
improvements,3,sink,3
influential,3,split,3
inspirational,3,stain,3
lighter,3,steal,3
loves,3,strange,3
marvel,3,stranger,3
meaningful,3,strike,3
noble,3,stuck,3
patient,3,stumbled,3
pleased,3,sue,3
poised,3,sunk,3
popular,3,suppression,3
precisely,3,terror,3
prefer,3,tragedy,3
priceless,3,troubling,3
pride,3,ugly,3
privileged,3,unable,3
prosperous,3,unbelievable,3
proven,3,uncertain,3
reconciliation,3,unequal,3
renewed,3,unfamiliar,3
respectfully,3,unfortunately,3
responsive,3,unsafe,3
robust,3,violently,3
sensitive,3,virus,3
smiling,3,warned,3
smooth,3,wedge,3
soft,3,absurd,2
spectacular,3,abusive,2
stellar,3,accuse,2
stunned,3,aggressive,2
subsidize,3,allergic,2
superior,3,ambivalent,2
thriving,3,biased,2
treasure,3,blow,2
unforgettable,3,boring,2
uplifting,3,breach,2
vibrant,3,bumps,2
winner,3,bust,2
wise,3,careless,2
accolades,2,cheated,2
accomplish,2,chill,2
affluence,2,complaining,2
amazed,2,complaints,2
aspirations,2,complicated,2
astounding,2,concede,2
awards,2,concessions,2
bless,2,contagious,2
blessing,2,cracks,2
bloom,2,crashed,2
boom,2,crooked,2
calm,2,cruel,2
calming,2,crumbling,2
catchy,2,declining,2
cheery,2,depression,2
clarity,2,dick,2
comfy,2,disappoint,2
competitive,2,dismaying,2
confident,2,disorder,2
convincing,2,disproportionate,2
courageous,2,distressed,2
courageously,2,doubt,2
defender,2,drastically,2
desirable,2,elimination,2
divine,2,embarrassing,2
elan,2,encroachment,2
endorsement,2,enemies,2
endorsing,2,eviscerate,2
enhanced,2,exacerbate,2
enhances,2,excuses,2
excel,2,exhausted,2
excellence,2,expired,2
expansive,2,extremists,2
famous,2,fatigue,2
fascinating,2,fatigued,2
fav,2,fearful,2
fiery,2,flee,2
foresight,2,fragile,2
formidable,2,fraud,2
fortune,2,freaking,2
fresh,2,frightening,2
gaining,2,frozen,2
gems,2,frustrated,2
generously,2,frustration,2
gifted,2,giddy,2
glory,2,grapple,2
harmless,2,grievance,2
heaven,2,grieving,2
hilarious,2,grind,2
humble,2,hangs,2
impressive,2,hardship,2
improvement,2,hazardous,2
improves,2,heck,2
indebted,2,hollow,2
inspire,2,hostile,2
instantly,2,hurting,2
integral,2,idiocy,2
intelligence,2,inappropriate,2
invaluable,2,incitement,2
kindness,2,inclement,2
liberation,2,incomparable,2
liberty,2,ineligible,2
luxurious,2,inevitable,2
masters,2,inevitably,2
morality,2,inflated,2
ovation,2,insidious,2
palatial,2,interrupt,2
perseverance,2,intimidate,2
playful,2,ironic,2
pleasant,2,isolated,2
praise,2,lackluster,2
profoundly,2,lengthy,2
properly,2,lull,2
prosper,2,manipulate,2
prosperity,2,mar,2
protection,2,massacre,2
rapid,2,mediocre,2
reasonable,2,mispronounce,2
refine,2,mistakes,2
regard,2,misunderstood,2
rejoicing,2,misuse,2
respite,2,nervous,2
reward,2,nightmare,2
righteous,2,obsess,2
rightfully,2,odd,2
spirited,2,offend,2
striving,2,overdue,2
subsidizing,2,overstated,2
substantive,2,overwhelm,2
successes,2,perplexing,2
supporter,2,pinch,2
survival,2,poorest,2
talented,2,punish,2
unlimited,2,questionable,2
unparalleled,2,radicalization,2
warmer,2,rampant,2
abundant,1,reckless,2
accomplished,1,rejecting,2
achievement,1,reluctance,2
adequate,1,repetitive,2
advantages,1,rhetoric,2
affection,1,rhetorical,2
affirmative,1,ridiculous,2
amenity,1,ruin,2
appeal,1,scarcity,2
applaud,1,scratch,2
appreciates,1,screwed,2
aspire,1,shake,2
attentive,1,shock,2
awed,1,silly,2
bolster,1,sin,2
brotherly,1,slap,2
capability,1,slower,2
capable,1,sober,2
charitable,1,spite,2
cheaper,1,spoiled,2
civility,1,stale,2
cleanly,1,strictly,2
comforting,1,suppress,2
compassionate,1,tank,2
compliment,1,thirst,2
confidence,1,threaten,2
considerate,1,treason,2
consistent,1,trivial,2
coolest,1,unemployed,2
courteous,1,unhappy,2
delicious,1,unhealthy,2
dependable,1,unimaginable,2
deserving,1,unnoticed,2
distinction,1,uprising,2
distinguished,1,uproar,2
dynamic,1,useless,2
ease,1,vengeance,2
effectiveness,1,waning,2
elegance,1,waste,2
eloquent,1,worsening,2
eloquently,1,abruptly,1
eminent,1,absence,1
empathy,1,accusations,1
empower,1,accusing,1
enhance,1,aggravating,1
enjoyable,1,aggression,1
entertaining,1,alarm,1
enthusiasm,1,anemic,1
entrust,1,annoyed,1
exceed,1,annoying,1
exceeded,1,annoyingly,1
exemplary,1,arrogance,1
extraordinarily,1,ashamed,1
fabulous,1,audacity,1
facilitate,1,awfully,1
faithful,1,awkward,1
fancy,1,barbarity,1
faster,1,battered,1
favor,1,bent,1
finest,1,bigotry,1
foremost,1,bitter,1
fortitude,1,bizarre,1
freedoms,1,blatant,1
gains,1,bleeding,1
gem,1,bomb,1
generosity,1,bondage,1
glamorous,1,bonkers,1
glimmer,1,bore,1
golden,1,bother,1
goodness,1,bothers,1
goodwill,1,bravado,1
gracious,1,brutally,1
gratifying,1,bullying,1
hail,1,bumping,1
hallowed,1,bumpy,1
heartfelt,1,burned,1
heartwarming,1,catastrophes,1
hero,1,censure,1
holy,1,chastise,1
honoring,1,cheats,1
humility,1,childish,1
humour,1,chronic,1
impresses,1,complacent,1
ingenuity,1,complain,1
innocuous,1,complains,1
intimate,1,conceded,1
intuitive,1,condemned,1
justly,1,condescending,1
keen,1,conflicted,1
kindly,1,conflicting,1
lawful,1,confusing,1
lean,1,confusion,1
leverage,1,congested,1
liking,1,contaminated,1
logical,1,contempt,1
loyalty,1,contend,1
luxury,1,contradictory,1
masterful,1,cowardly,1
mercy,1,critic,1
merit,1,criticism,1
momentous,1,criticize,1
motivated,1,criticizing,1
neat,1,cruelty,1
nicer,1,crush,1
nicest,1,crushing,1
nurturing,1,culprit,1
openly,1,damages,1
optimistic,1,danger,1
orderly,1,daunting,1
paradise,1,deaf,1
patience,1,dearth,1
patiently,1,debilitating,1
patriot,1,declines,1
patriotic,1,defamation,1
positively,1,defiance,1
precious,1,degrading,1
prefers,1,dejected,1
productive,1,delaying,1
promised,1,delirious,1
prompt,1,delirium,1
promptly,1,dent,1
pure,1,deplorable,1
qualified,1,deter,1
realistic,1,deteriorating,1
reasonably,1,detriment,1
recommended,1,detrimental,1
rectifying,1,devoid,1
redeem,1,dictator,1
reforming,1,difficulty,1
refresh,1,dirty,1
refreshed,1,disagree,1
rejuvenated,1,disagreement,1
renowned,1,disappointed,1
restructuring,1,disgust,1
revelation,1,disgusted,1
reverence,1,disinterested,1
revive,1,disloyal,1
rewarding,1,disobedience,1
richer,1,disrupt,1
rockstars,1,disruption,1
satisfied,1,dissent,1
savings,1,dissonant,1
savior,1,distorted,1
securely,1,distract,1
sensational,1,distraction,1
sharp,1,distraught,1
shiny,1,distress,1
simplify,1,disturbing,1
sincere,1,divergent,1
skill,1,downside,1
skilled,1,draining,1
smartest,1,drastic,1
smile,1,dread,1
sophisticated,1,drunk,1
soundly,1,dumb,1
spiritual,1,dumped,1
steadfast,1,dungeons,1
stimulate,1,dust,1
stupendous,1,enemy,1
sturdy,1,error,1
suitable,1,evil,1
superb,1,exclusion,1
survivor,1,expel,1
toughest,1,fails,1
traction,1,fallen,1
tranquility,1,falling,1
tremendously,1,falsehood,1
unbiased,1,falsely,1
unreal,1,fascism,1
upheld,1,fault,1
uphold,1,fell,1
uplift,1,fever,1
versatile,1,fictional,1
vigilant,1,flake,1
wholeheartedly,1,flaws,1
willingness,1,foolishness,1
wondrous,1,foul,1
worthwhile,1,fraudulent,1
racism,127,freak,1
crisis,55,freezes,1
issue,48,frigid,1
racist,46,froze,1
hard,44,fudge,1
miss,40,furious,1
breaking,39,furiously,1
issues,36,fuss,1
problem,36,fuzzy,1
death,35,gall,1
bad,33,garbage,1
lack,33,genocide,1
lost,30,greed,1
die,27,greedy,1
missed,27,grieve,1
critical,25,grim,1
harm,24,gritty,1
vice,24,guilty,1
debt,23,harmful,1
challenging,21,harsh,1
died,21,hateful,1
failed,21,haters,1
insurrection,21,headaches,1
loss,21,hefty,1
disabled,20,hoard,1
inequities,20,hopelessly,1
poverty,20,horrendous,1
killed,19,hostage,1
trauma,19,hostility,1
criminal,18,hotheaded,1
disaster,18,hung,1
emergency,17,hurt,1
inequality,17,illusion,1
slow,17,imbalance,1
problems,16,immoral,1
risk,16,impede,1
vulnerable,16,impotent,1
attack,15,inaccurate,1
damage,15,inescapable,1
dangerous,15,inexcusable,1
threat,15,infamous,1
break,14,inflict,1
cold,14,infuriated,1
difficult,14,ingratitude,1
discrimination,14,inhospitable,1
injustice,14,injure,1
protest,14,injury,1
crash,13,insecurity,1
tired,13,instability,1
violent,13,instable,1
fall,12,insult,1
FALSE,12,interfere,1
fear,12,intimidating,1
hate,12,intimidation,1
ignore,12,intractable,1
sad,12,invalidate,1
stress,12,involuntarily,1
struggle,12,involuntary,1
struggling,12,irks,1
wrong,12,ironically,1
concerned,11,irrelevant,1
damn,11,isolate,1
failure,11,isolation,1
freeze,11,itching,1
freezing,11,jam,1
poor,11,killer,1
prison,11,knife,1
rail,11,lacked,1
suffering,11,lacks,1
urgent,11,lanky,1
worse,11,lied,1
afraid,10,lifeless,1
blame,10,lone,1
destroy,10,losers,1
hell,10,losses,1
limited,10,maddening,1
queer,10,madness,1
rage,10,manic,1
stolen,10,manipulative,1
worst,10,meaningless,1
angry,9,meltdown,1
boil,9,mirage,1
broken,9,miserable,1
complex,9,misery,1
fucking,9,misleading,1
hang,9,mistaken,1
losing,9,mistrustful,1
radical,9,mocking,1
terrible,9,monster,1
awful,8,monstrosity,1
brutality,8,motley,1
concerns,8,murderer,1
desert,8,myth,1
failing,8,naive,1
heartbreaking,8,nasty,1
killing,8,negativity,1
lies,8,negligence,1
unjust,8,nonsense,1
bias,7,numb,1
breakdown,7,objectionable,1
burden,7,obscenely,1
burn,7,obscure,1
collapse,7,obstacle,1
concern,7,obstruction,1
confront,7,offenses,1
crazy,7,opponent,1
dead,7,oppress,1
delay,7,ordeal,1
denied,7,outrage,1
grief,7,outrageous,1
horrible,7,overreach,1
limit,7,overturn,1
lose,7,overwhelmed,1
shocking,7,overwhelmingly,1
toxic,7,painfully,1
crime,6,panicked,1
dope,6,penalize,1
dying,6,penalty,1
harassment,6,peril,1
illness,6,pernicious,1
insane,6,perplexed,1
kill,6,petty,1
lie,6,pity,1
mad,6,plight,1
mess,6,plot,1
neglect,6,plunder,1
oppression,6,poison,1
protests,6,poorer,1
squeaks,6,poorly,1
stole,6,posturing,1
tanks,6,predicament,1
threatening,6,prejudice,1
toll,6,preposterous,1
wild,6,problematic,1
worried,6,propaganda,1
worry,6,protested,1
abuse,5,protesting,1
anger,5,protracted,1
assault,5,radically,1
brutal,5,rape,1
burning,5,rebellious,1
cancer,5,recklessly,1
catastrophic,5,regret,1
congestion,5,repression,1
costly,5,repressive,1
crowded,5,repugnant,1
dark,5,resignation,1
devastating,5,revolting,1
dies,5,rival,1
dire,5,roadblocks,1
disgusting,5,rot,1
disingenuous,5,rue,1
erase,5,rumors,1
expensive,5,sacrificed,1
fraught,5,sadness,1
fuck,5,scar,1
harms,5,scare,1
inequalities,5,scars,1
inequitable,5,scary,1
infuriating,5,scrap,1
jeopardy,5,servitude,1
limits,5,setbacks,1
misfortune,5,shameful,1
mistake,5,sharply,1
oversight,5,shocked,1
pain,5,shortage,1
refused,5,skeptical,1
resigned,5,slaves,1
resistance,5,sloppy,1
ripped,5,slowly,1
severe,5,slur,1
shame,5,smell,1
slave,5,sorely,1
sorry,5,squander,1
stealing,5,squeal,1
suffered,5,stall,1
terrorism,5,stark,1
threats,5,sticky,1
trash,5,stigma,1
trouble,5,strict,1
unprepared,5,stuffy,1
worries,5,subdued,1
absentee,4,subjugation,1
absurdly,4,subservient,1
adverse,4,sucks,1
alarming,4,sued,1
antiquated,4,suffer,1
attacks,4,symptoms,1
backward,4,taunt,1
boycott,4,tense,1
broke,4,tentatively,1
chaos,4,thankless,1
clog,4,thorny,1
condemn,4,torrent,1
crashes,4,tragic,1
critics,4,traitor,1
deadly,4,transgression,1
decline,4,trap,1
delayed,4,traumatized,1
denial,4,trickery,1
despair,4,tricky,1
desperate,4,troubled,1
discomfort,4,troubles,1
divisive,4,twist,1
dripping,4,twisted,1
egregious,4,ugh,1
fail,4,ultimatum,1
fears,4,unacceptable,1
hurts,4,unavailable,1
impeach,4,uncomfortable,1
impossible,4,uncomfy,1
injustices,4,undermine,1
joke,4,undermined,1
lazy,4,undermines,1
murder,4,undermining,1
neglected,4,underpaid,1
overthrow,4,undesirable,1
partisan,4,undocumented,1
provocative,4,unethical,1
refuse,4,unexpected,1
refuses,4,unfinished,1
reject,4,unfortunate,1
scam,4,unfounded,1
steals,4,unlawful,1
stereotype,4,unnecessary,1
struck,4,unspeakable,1
struggles,4,unsure,1
suicide,4,untouched,1
syndrome,4,untrue,1
unrelenting,4,unusual,1
unrest,4,unwise,1
upset,4,unworthy,1
violation,4,vehemently,1
warning,4,vibrate,1
weakening,4,violate,1
weird,4,volatile,1
abolish,3,wasting,1
anxiety,3,weak,1
appalling,3,weakness,1
banish,3,wildly,1
bothered,3,worrisome,1
breaks,3,wound,1
catastrophe,3,wounds,1
cheap,3,zombie,1
complicit,3,,
conflict,3,,
confused,3,,
conservative,3,,
conspiracy,3,,
cracked,3,,
crushed,3,,
cry,3,,
delays,3,,
deny,3,,
desperately,3,,
disadvantaged,3,,
disappointing,3,,
disappointment,3,,
discriminatory,3,,
displaced,3,,
disrespect,3,,
dissonance,3,,
drag,3,,
epidemic,3,,
excuse,3,,
exhaustion,3,,
extremist,3,,
failures,3,,
fake,3,,
fat,3,,
fiction,3,,
fierce,3,,
fleeing,3,,
funny,3,,
gross,3,,
harmed,3,,
hedge,3,,
illegal,3,,
inadequate,3,,
indifference,3,,
infected,3,,
inhumane,3,,
invisible,3,,
jerk,3,,
lacking,3,,
leaking,3,,
limitations,3,,
loopholes,3,,
loud,3,,
lying,3,,
negative,3,,
noise,3,,
oppose,3,,
opposition,3,,
outbreak,3,,
overlook,3,,
panic,3,,
passive,3,,
pervasive,3,,
predatory,3,,
refusal,3,,
refusing,3,,
ruins,3,,
sadly,3,,
scared,3,,
scream,3,,
shit,3,,
shrug,3,,
sick,3,,
sink,3,,
split,3,,
stain,3,,
steal,3,,
strange,3,,
stranger,3,,
strike,3,,
stuck,3,,
stumbled,3,,
sue,3,,
sunk,3,,
suppression,3,,
terror,3,,
tragedy,3,,
troubling,3,,
ugly,3,,
unable,3,,
unbelievable,3,,
uncertain,3,,
unequal,3,,
unfamiliar,3,,
unfortunately,3,,
unsafe,3,,
violently,3,,
virus,3,,
warned,3,,
wedge,3,,
absurd,2,,
abusive,2,,
accuse,2,,
aggressive,2,,
allergic,2,,
ambivalent,2,,
biased,2,,
blow,2,,
boring,2,,
breach,2,,
bumps,2,,
bust,2,,
careless,2,,
cheated,2,,
chill,2,,
complaining,2,,
complaints,2,,
complicated,2,,
concede,2,,
concessions,2,,
contagious,2,,
cracks,2,,
crashed,2,,
crooked,2,,
cruel,2,,
crumbling,2,,
declining,2,,
depression,2,,
dick,2,,
disappoint,2,,
dismaying,2,,
disorder,2,,
disproportionate,2,,
distressed,2,,
doubt,2,,
drastically,2,,
elimination,2,,
embarrassing,2,,
encroachment,2,,
enemies,2,,
eviscerate,2,,
exacerbate,2,,
excuses,2,,
exhausted,2,,
expired,2,,
extremists,2,,
fatigue,2,,
fatigued,2,,
fearful,2,,
flee,2,,
fragile,2,,
fraud,2,,
freaking,2,,
frightening,2,,
frozen,2,,
frustrated,2,,
frustration,2,,
giddy,2,,
grapple,2,,
grievance,2,,
grieving,2,,
grind,2,,
hangs,2,,
hardship,2,,
hazardous,2,,
heck,2,,
hollow,2,,
hostile,2,,
hurting,2,,
idiocy,2,,
inappropriate,2,,
incitement,2,,
inclement,2,,
incomparable,2,,
ineligible,2,,
inevitable,2,,
inevitably,2,,
inflated,2,,
insidious,2,,
interrupt,2,,
intimidate,2,,
ironic,2,,
isolated,2,,
lackluster,2,,
lengthy,2,,
lull,2,,
manipulate,2,,
mar,2,,
massacre,2,,
mediocre,2,,
mispronounce,2,,
mistakes,2,,
misunderstood,2,,
misuse,2,,
nervous,2,,
nightmare,2,,
obsess,2,,
odd,2,,
offend,2,,
overdue,2,,
overstated,2,,
overwhelm,2,,
perplexing,2,,
pinch,2,,
poorest,2,,
punish,2,,
questionable,2,,
radicalization,2,,
rampant,2,,
reckless,2,,
rejecting,2,,
reluctance,2,,
repetitive,2,,
rhetoric,2,,
rhetorical,2,,
ridiculous,2,,
ruin,2,,
scarcity,2,,
scratch,2,,
screwed,2,,
shake,2,,
shock,2,,
silly,2,,
sin,2,,
slap,2,,
slower,2,,
sober,2,,
spite,2,,
spoiled,2,,
stale,2,,
strictly,2,,
suppress,2,,
tank,2,,
thirst,2,,
threaten,2,,
treason,2,,
trivial,2,,
unemployed,2,,
unhappy,2,,
unhealthy,2,,
unimaginable,2,,
unnoticed,2,,
uprising,2,,
uproar,2,,
useless,2,,
vengeance,2,,
waning,2,,
waste,2,,
worsening,2,,
abruptly,1,,
absence,1,,
accusations,1,,
accusing,1,,
aggravating,1,,
aggression,1,,
alarm,1,,
anemic,1,,
annoyed,1,,
annoying,1,,
annoyingly,1,,
arrogance,1,,
ashamed,1,,
audacity,1,,
awfully,1,,
awkward,1,,
barbarity,1,,
battered,1,,
bent,1,,
bigotry,1,,
bitter,1,,
bizarre,1,,
blatant,1,,
bleeding,1,,
bomb,1,,
bondage,1,,
bonkers,1,,
bore,1,,
bother,1,,
bothers,1,,
bravado,1,,
brutally,1,,
bullying,1,,
bumping,1,,
bumpy,1,,
burned,1,,
catastrophes,1,,
censure,1,,
chastise,1,,
cheats,1,,
childish,1,,
chronic,1,,
complacent,1,,
complain,1,,
complains,1,,
conceded,1,,
condemned,1,,
condescending,1,,
conflicted,1,,
conflicting,1,,
confusing,1,,
confusion,1,,
congested,1,,
contaminated,1,,
contempt,1,,
contend,1,,
contradictory,1,,
cowardly,1,,
critic,1,,
criticism,1,,
criticize,1,,
criticizing,1,,
cruelty,1,,
crush,1,,
crushing,1,,
culprit,1,,
damages,1,,
danger,1,,
daunting,1,,
deaf,1,,
dearth,1,,
debilitating,1,,
declines,1,,
defamation,1,,
defiance,1,,
degrading,1,,
dejected,1,,
delaying,1,,
delirious,1,,
delirium,1,,
dent,1,,
deplorable,1,,
deter,1,,
deteriorating,1,,
detriment,1,,
detrimental,1,,
devoid,1,,
dictator,1,,
difficulty,1,,
dirty,1,,
disagree,1,,
disagreement,1,,
disappointed,1,,
disgust,1,,
disgusted,1,,
disinterested,1,,
disloyal,1,,
disobedience,1,,
disrupt,1,,
disruption,1,,
dissent,1,,
dissonant,1,,
distorted,1,,
distract,1,,
distraction,1,,
distraught,1,,
distress,1,,
disturbing,1,,
divergent,1,,
downside,1,,
draining,1,,
drastic,1,,
dread,1,,
drunk,1,,
dumb,1,,
dumped,1,,
dungeons,1,,
dust,1,,
enemy,1,,
error,1,,
evil,1,,
exclusion,1,,
expel,1,,
fails,1,,
fallen,1,,
falling,1,,
falsehood,1,,
falsely,1,,
fascism,1,,
fault,1,,
fell,1,,
fever,1,,
fictional,1,,
flake,1,,
flaws,1,,
foolishness,1,,
foul,1,,
fraudulent,1,,
freak,1,,
freezes,1,,
frigid,1,,
froze,1,,
fudge,1,,
furious,1,,
furiously,1,,
fuss,1,,
fuzzy,1,,
gall,1,,
garbage,1,,
genocide,1,,
greed,1,,
greedy,1,,
grieve,1,,
grim,1,,
gritty,1,,
guilty,1,,
harmful,1,,
harsh,1,,
hateful,1,,
haters,1,,
headaches,1,,
hefty,1,,
hoard,1,,
hopelessly,1,,
horrendous,1,,
hostage,1,,
hostility,1,,
hotheaded,1,,
hung,1,,
hurt,1,,
illusion,1,,
imbalance,1,,
immoral,1,,
impede,1,,
impotent,1,,
inaccurate,1,,
inescapable,1,,
inexcusable,1,,
infamous,1,,
inflict,1,,
infuriated,1,,
ingratitude,1,,
inhospitable,1,,
injure,1,,
injury,1,,
insecurity,1,,
instability,1,,
instable,1,,
insult,1,,
interfere,1,,
intimidating,1,,
intimidation,1,,
intractable,1,,
invalidate,1,,
involuntarily,1,,
involuntary,1,,
irks,1,,
ironically,1,,
irrelevant,1,,
isolate,1,,
isolation,1,,
itching,1,,
jam,1,,
killer,1,,
knife,1,,
lacked,1,,
lacks,1,,
lanky,1,,
lied,1,,
lifeless,1,,
lone,1,,
losers,1,,
losses,1,,
maddening,1,,
madness,1,,
manic,1,,
manipulative,1,,
meaningless,1,,
meltdown,1,,
mirage,1,,
miserable,1,,
misery,1,,
misleading,1,,
mistaken,1,,
mistrustful,1,,
mocking,1,,
monster,1,,
monstrosity,1,,
motley,1,,
murderer,1,,
myth,1,,
naive,1,,
nasty,1,,
negativity,1,,
negligence,1,,
nonsense,1,,
numb,1,,
objectionable,1,,
obscenely,1,,
obscure,1,,
obstacle,1,,
obstruction,1,,
offenses,1,,
opponent,1,,
oppress,1,,
ordeal,1,,
outrage,1,,
outrageous,1,,
overreach,1,,
overturn,1,,
overwhelmed,1,,
overwhelmingly,1,,
painfully,1,,
panicked,1,,
penalize,1,,
penalty,1,,
peril,1,,
pernicious,1,,
perplexed,1,,
petty,1,,
pity,1,,
plight,1,,
plot,1,,
plunder,1,,
poison,1,,
poorer,1,,
poorly,1,,
posturing,1,,
predicament,1,,
prejudice,1,,
preposterous,1,,
problematic,1,,
propaganda,1,,
protested,1,,
protesting,1,,
protracted,1,,
radically,1,,
rape,1,,
rebellious,1,,
recklessly,1,,
regret,1,,
repression,1,,
repressive,1,,
repugnant,1,,
resignation,1,,
revolting,1,,
rival,1,,
roadblocks,1,,
rot,1,,
rue,1,,
rumors,1,,
sacrificed,1,,
sadness,1,,
scar,1,,
scare,1,,
scars,1,,
scary,1,,
scrap,1,,
servitude,1,,
setbacks,1,,
shameful,1,,
sharply,1,,
shocked,1,,
shortage,1,,
skeptical,1,,
slaves,1,,
sloppy,1,,
slowly,1,,
slur,1,,
smell,1,,
sorely,1,,
squander,1,,
squeal,1,,
stall,1,,
stark,1,,
sticky,1,,
stigma,1,,
strict,1,,
stuffy,1,,
subdued,1,,
subjugation,1,,
subservient,1,,
sucks,1,,
sued,1,,
suffer,1,,
symptoms,1,,
taunt,1,,
tense,1,,
tentatively,1,,
thankless,1,,
thorny,1,,
torrent,1,,
tragic,1,,
traitor,1,,
transgression,1,,
trap,1,,
traumatized,1,,
trickery,1,,
tricky,1,,
troubled,1,,
troubles,1,,
twist,1,,
twisted,1,,
ugh,1,,
ultimatum,1,,
unacceptable,1,,
unavailable,1,,
uncomfortable,1,,
uncomfy,1,,
undermine,1,,
undermined,1,,
undermines,1,,
undermining,1,,
underpaid,1,,
undesirable,1,,
undocumented,1,,
unethical,1,,
unexpected,1,,
unfinished,1,,
unfortunate,1,,
unfounded,1,,
unlawful,1,,
unnecessary,1,,
unspeakable,1,,
unsure,1,,
untouched,1,,
untrue,1,,
unusual,1,,
unwise,1,,
unworthy,1,,
vehemently,1,,
vibrate,1,,
violate,1,,
volatile,1,,
wasting,1,,
weak,1,,
weakness,1,,
wildly,1,,
worrisome,1,,
wound,1,,
wounds,1,,
zombie,1,,
